name,size_bytes,suffix,date_modified,date_created
+----------------------------------.txt,3112,.txt,2025-07-10,2025-07-10
.Rhistory,1297,,2025-12-22,2025-12-22
._ipp2-source,178,,2022-09-07,2025-11-04
01 PCProcessorMicroarchitecture.pdf,170784,.pdf,2025-03-13,2025-03-13
01-probability-review.docx,19858,.docx,2025-12-09,2025-12-09
01. WPS  PQR SMAW E6013.json,1645,.json,2025-07-02,2025-07-02
02 RealCloudComputer.pdf,2709157,.pdf,2025-03-20,2025-03-18
02-statistical-process.docx,23934,.docx,2025-12-18,2025-12-18
03 How TI Adopted VLIW in DSP.pdf,1644275,.pdf,2025-03-27,2025-03-27
03-likelihood.docx,21781,.docx,2025-12-18,2025-12-18
03485f00-95ad-4b43-9900-5dae10eda43f.jfif,149291,.jfif,2024-10-28,2024-10-28
04 BFS and DFS Variations.pdf,788476,.pdf,2025-09-23,2025-09-23
04-updating-priors.docx,19198,.docx,2025-12-18,2025-12-18
05-estimation.docx,24823,.docx,2025-12-18,2025-12-18
05.06.25.pdf,46835,.pdf,2025-05-12,2025-05-12
05.08.25.pdf,67374,.pdf,2025-05-12,2025-05-12
06-prediction.docx,19859,.docx,2025-12-18,2025-12-18
07-hypothesis-testing.docx,20173,.docx,2025-12-18,2025-12-18
08 Knuth-Morris-Pratt String Matching.pdf,137716,.pdf,2025-10-07,2025-10-07
08-constructing-priors.docx,19643,.docx,2025-12-18,2025-12-18
"09-09-25, 1538 Microsoft Lens.pdf",390242,.pdf,2025-09-09,2025-09-09
09-mc-integration.docx,22896,.docx,2026-01-13,2026-01-13
1 - Problem Statement Template.docx,19339,.docx,2025-01-10,2025-01-10
1-3_FIrstExercise.pptx,15323934,.pptx,2025-03-19,2025-03-19
1-4_Discussion.pptx,7114091,.pptx,2025-03-19,2025-03-19
1-ScalarFunction.sql,337,.sql,2025-01-24,2025-01-24
1.png,13735,.png,2024-10-26,2024-10-26
1.pptx,10648602,.pptx,2025-05-27,2025-05-27
10.pptx,3134812,.pptx,2025-05-27,2025-05-27
10f52wnmuai61.jpg,62151,.jpg,2025-12-02,2025-12-02
"11-09-24, 1927 Microsoft Lens-combined.pdf",2217852,.pdf,2024-09-11,2024-09-11
"11-09-24, 1930 Microsoft Lens.pdf",359616,.pdf,2024-09-11,2024-09-11
"11-09-24, 2138 Microsoft Lens.pdf",4511814,.pdf,2024-09-12,2024-09-12
11.pptx,21979232,.pptx,2025-05-27,2025-05-27
12 Fenwick Trees.pdf,90066,.pdf,2025-10-22,2025-10-22
128bd0c4-baa7-420f-b42d-5302a5de2ee3.jfif,380913,.jfif,2025-03-25,2025-03-25
"13-09-24, 1607 Microsoft Lens.pdf",1891953,.pdf,2024-09-13,2024-09-13
"13-12-24, 1725 Microsoft Lens.pdf",352835,.pdf,2024-12-13,2024-12-13
13.02.01 F-126 Subcontractor HSE Performance Evaluation R0.xlsx,622959,.xlsx,2025-06-27,2025-06-27
13.02.10 Consequence management R0.pdf,322018,.pdf,2025-08-12,2025-08-12
15 Polygons.pdf,1134220,.pdf,2025-11-04,2025-11-04
"17-09-24, 1934 Microsoft Lens.pdf",1970764,.pdf,2024-09-17,2024-09-17
"18-09-24, 2018 Microsoft Lens.pdf",2467293,.pdf,2024-09-19,2024-09-19
2 - Problem Statement Sample.docx,26173,.docx,2025-01-10,2025-01-10
2-18-25-submission.ipynb,41789,.ipynb,2026-02-05,2026-02-05
2-1_ExampleAndSciMethodAndLogistics.pptx,9871282,.pptx,2025-03-19,2025-03-19
2-2_TrackingProblems.pptx,16436023,.pptx,2025-03-19,2025-03-19
2-3_TrackingProblems2.pptx,10012866,.pptx,2025-03-23,2025-03-23
2-InLineTableValuedFuncton.sql,692,.sql,2025-01-24,2025-01-24
2.pptx,9635830,.pptx,2025-05-27,2025-05-27
"20-09-24, 2035 Microsoft Lens.pdf",1538344,.pdf,2024-09-21,2024-09-21
2024 Employment Packet (Dynamics edit).pdf,550553,.pdf,2024-09-20,2024-09-20
2025-07-01.json,986,.json,2025-07-02,2025-07-02
20250220112830682.pdf,2474422,.pdf,2025-02-25,2025-02-25
20250408160922441.pdf,7290066,.pdf,2025-04-10,2025-04-10
24-10-24__03_46_Microsoft_Lens.pdf,1621570,.pdf,2024-10-24,2024-10-24
25.ENERGY ISOLATION LOTO- (27.10.2023) HSE -OCP-25-R0.pdf,938458,.pdf,2025-08-12,2025-08-12
252093906.pdf,8643304,.pdf,2024-11-01,2024-11-01
2526W MA483-01_ Lecture_ Bayesian Fundamentals_ Lecture 2.1_ Likelihoods _ RHIT.html,209280,.html,2025-12-18,2025-12-18
"26-09-24, 0153 Microsoft Lens.pdf",2125915,.pdf,2024-09-26,2024-09-26
"26-09-24, 0159 Microsoft Lens.pdf",824462,.pdf,2024-09-26,2024-09-26
27750-Article Text-31804-1-2-20240324.pdf,1095690,.pdf,2025-05-19,2025-05-19
290 Reflection.pdf,37131,.pdf,2025-02-12,2025-02-12
290.pdf,155160,.pdf,2024-12-06,2024-12-06
3-3_GrepSedAwk.pptx,11444966,.pptx,2025-03-31,2025-03-31
3-4_Awk.pptx,9507593,.pptx,2025-05-20,2025-05-20
3-MultiStatementTableValuedFunction.sql,1592,.sql,2025-01-24,2025-01-24
3.pptx,658802,.pptx,2025-05-27,2025-05-27
335 Quiz 1 Review.pdf,46981,.pdf,2025-09-29,2025-09-29
374 project teams.jpg,454700,.jpg,2026-01-27,2026-01-27
381OnlineSu18FinalExam-solutions.pdf,826739,.pdf,2025-02-25,2025-02-25
381OnlineSu18FinalExam.pdf,382943,.pdf,2025-02-25,2025-02-25
3a420d29-af50-4902-85e4-634d9e8e3f96.jpeg,381509,.jpeg,2025-05-06,2025-05-06
3a420d29-af50-4902-85e4-634d9e8e3f96.pdf,582193,.pdf,2025-05-06,2025-05-06
"4-1-25, 12_00 Microsoft Lens.pdf",1885126,.pdf,2025-04-01,2025-04-01
"4-22-25, 07_33 Microsoft Lens.pdf",2049170,.pdf,2025-04-22,2025-04-22
4-2_ForcingFailureAndReproducing.pptx,37932668,.pptx,2025-04-01,2025-04-01
4.ans,3228,.ans,2025-11-13,2025-11-13
4.in,10354,.in,2025-11-13,2025-11-13
4.pptx,3031047,.pptx,2025-05-27,2025-05-27
422e3cca-be1b-43c5-b3f2-a54565543bd8.jfif,424380,.jfif,2025-03-25,2025-03-25
44028519-dc92-4d00-a8bf-3ac009e4cfb0.jfif,386615,.jfif,2025-03-25,2025-03-25
469886999_1081612550643691_8147375156191606284_n.jpg,312965,.jpg,2025-01-13,2025-01-13
469937914_1082077320597214_6915947661339205730_n.jpg,331167,.jpg,2025-01-13,2025-01-13
5-2_MemoryManagement.pptx,31880847,.pptx,2025-04-14,2025-04-14
5-3_MemoryManagementWithValgrind.pptx,19330422,.pptx,2025-04-14,2025-04-14
5.ans,32037,.ans,2025-11-13,2025-11-13
5.in,121934,.in,2025-11-13,2025-11-13
5.pptx,14321005,.pptx,2025-05-27,2025-05-27
6-3_DeltaDebugging.pptx,10869215,.pptx,2025-04-24,2025-04-24
6.ans,32037,.ans,2025-11-13,2025-11-13
6.in,121934,.in,2025-11-13,2025-11-13
6.pptx,2588082,.pptx,2025-05-27,2025-05-27
6ad7aa46-17e8-4b37-b20b-273b99259ef7.jfif,81679,.jfif,2024-10-23,2024-10-23
6d0d5dcf-60c9-4aab-96c4-9ddccd9d3f3d.jpeg,343095,.jpeg,2025-09-05,2025-09-05
6ed4127a-3fec-4ae5-aa0f-4b8757c06c6d.jfif,306527,.jfif,2024-10-02,2024-10-02
7-2_Deduction.pptx,21894201,.pptx,2025-05-01,2025-05-01
7-3_DeductionContinued.pptx,22320067,.pptx,2025-05-01,2025-05-01
7.ans,1210,.ans,2025-11-13,2025-11-13
7.in,12622,.in,2025-11-13,2025-11-13
7.pptx,15921338,.pptx,2025-05-27,2025-05-27
8-2_AssertionsContinued.pptx,17092311,.pptx,2025-05-11,2025-05-11
8-3_StatisticalDebugging.pptx,29538910,.pptx,2025-05-11,2025-05-11
8.ans,12015,.ans,2025-11-13,2025-11-13
8.in,139274,.in,2025-11-13,2025-11-13
8.pptx,5150732,.pptx,2025-05-27,2025-05-27
839340853-The-Apothecary-Diaries-Web-Novel-Volume-15.pdf,2806115,.pdf,2025-07-13,2025-07-13
8dc5d765-1fa6-4c40-ac86-c879fa2e1787.jfif,52300,.jfif,2024-10-02,2024-10-02
9-1_StatisticalDebuggingcont.pptx,10551709,.pptx,2025-05-12,2025-05-12
9-2and3_CauseAndEffect.pptx,25394404,.pptx,2025-05-19,2025-05-19
9.ans,12015,.ans,2025-11-13,2025-11-13
9.in,139274,.in,2025-11-13,2025-11-13
9.pptx,10072459,.pptx,2025-05-27,2025-05-27
978-3-031-01770-4.pdf,3551838,.pdf,2025-03-28,2025-03-28
978-3-319-67997-6.pdf,13118959,.pdf,2025-05-27,2025-05-27
97f2f2cb-612c-4a1e-bcba-ea4d85a7273b.jfif,230948,.jfif,2024-10-02,2024-10-02
9935d795-813a-41e1-8135-e8f05587b7ac.jfif,427636,.jfif,2025-03-25,2025-03-25
ad.jpg,76388,.jpg,2024-12-03,2024-12-03
Ad.pdf,77585,.pdf,2024-12-03,2024-12-03
AdjustedClosingPrices.csv,18432594,.csv,2025-12-06,2025-12-06
Aho-Corasick String Searching TO POST.pdf,1178058,.pdf,2025-10-07,2025-10-07
Aho-Corasick String Searching TO POST.pptx,771625,.pptx,2025-10-07,2025-10-07
AI Comparison.pptx,47751,.pptx,2025-08-12,2025-08-12
AI_First_Generating_Project_Ideas.pdf,57844,.pdf,2026-01-05,2026-01-05
AI_First_Generating_Project_Ideas_Example.pdf,49395,.pdf,2026-01-05,2026-01-05
AI_First_Guidelines.pdf,116233,.pdf,2026-01-05,2026-01-05
AI_First_Master_Document.html,28762,.html,2026-02-19,2026-02-19
AI_First_Master_Document.pdf,143038,.pdf,2026-01-28,2026-01-28
AI_First_Prompt_Library_for_Projects.pdf,59891,.pdf,2026-01-28,2026-01-28
AI_First_Workflow_For_Project.pdf,116763,.pdf,2026-01-28,2026-01-28
Algorithmic Problem Solving flyer.pdf,55114,.pdf,2025-09-04,2025-09-04
AnkerGames - Free Pre-installed PC Games.url,113,.url,2024-11-26,2026-02-15
Answers_ECE233_Exam1_SRT.pdf,1569264,.pdf,2024-10-03,2024-10-03
application_octet-stream_favorites_type=artist_blob_https___kemono.cr_3da527c9-a1c1-4e7b-b6e3-697ca37d4873,191,.cr_3da527c9-a1c1-4e7b-b6e3-697ca37d4873,2025-08-16,2025-08-16
Application_Wireframe.bmpr,180224,.bmpr,2025-10-10,2025-10-10
Application_Wireframe_FS.bmpr,294912,.bmpr,2025-10-14,2025-10-14
appointment.ics,502,.ics,2026-01-30,2026-01-30
Apresentação sem título.pdf,1613500,.pdf,2025-05-19,2025-05-19
assignment-template.pdf,139699,.pdf,2026-01-07,2025-12-12
ATS Resume 2024.pptx,9150707,.pptx,2024-12-19,2024-12-19
Azure OpenAI Chatbot.pdf,73351,.pdf,2025-08-14,2025-08-14
b3baf51e-e420-4c0e-8bb2-98516163e43e.6957d4b707ac0a72414ba1dc3ea7d432.png,3576,.png,2024-10-25,2024-10-25
BalatroSeeds.txt,34,.txt,2025-05-28,2025-05-28
Ball.xlsx,4724,.xlsx,2025-01-23,2025-01-23
bcd_count2_vwf.jpg,230749,.jpg,2024-10-20,2024-10-20
bd54301d-a351-4cf4-8f2b-8dd72ab92721.jfif,291111,.jfif,2025-05-19,2025-05-19
BF Examples - With Quiz Solution.docx,24609,.docx,2025-02-11,2025-02-11
blinkyblonky71828z871.txt,930,.txt,2025-07-27,2025-07-27
BlockingFactors.pptx,71357,.pptx,2025-02-14,2025-02-14
blue Minimalist modern CV resume.pdf,273583,.pdf,2025-05-24,2025-05-24
Blue Prince.txt,1136,.txt,2025-10-06,2025-10-06
Book.pdf,27973,.pdf,2025-05-19,2025-05-19
bro.txt,99,.txt,2025-07-22,2025-07-22
Building a RAG Chatbot using Azure AI Services.docx,29508,.docx,2025-08-17,2025-08-17
Building a RAG Chatbot with Azure App Service.docx,29729,.docx,2025-08-17,2025-08-17
Building a RAG Chatbot with Azure App Service.pdf,37152,.pdf,2025-08-17,2025-08-17
"Call with Carpenter, Harrison-20251114_165852-Meeting Recording.txt",7351,.txt,2025-11-14,2025-11-14
"Call with Kothari, Ahaan-20251113_122716-Meeting Recording.txt",5345,.txt,2025-11-14,2025-11-14
CamScanner 10-02-2024 20.45.pdf,1919382,.pdf,2024-10-03,2024-10-03
CamScanner-10-08-2024-12.44.pdf,1382424,.pdf,2024-10-09,2024-10-09
Capacitance Lab Report.pdf,478250,.pdf,2024-10-31,2024-10-31
cc-and-exam-solution-template.docx,96404,.docx,2025-12-12,2025-12-12
CC1 candy.docx,22198,.docx,2025-12-12,2025-12-12
CC1 Example from ChatGPT.png,59104,.png,2026-01-12,2026-01-12
CC1 Example from ChatGPT.txt,1726,.txt,2025-12-12,2025-12-12
CC1 Restaurant-Steve.pdf,1667399,.pdf,2025-12-12,2025-12-12
CC1.pdf,184634,.pdf,2025-12-12,2025-12-12
cc1REVKISION.pdf,194970,.pdf,2026-01-08,2026-01-08
CC2 - Three Layers CandyDatabase-2.pdf,3011152,.pdf,2025-12-20,2025-12-20
CC2A-2026-Strategy-Steve-V1.pdf,2762984,.pdf,2026-01-09,2026-01-09
CC2A.pdf,214285,.pdf,2026-01-09,2026-01-09
CC3.pdf,202660,.pdf,2026-01-16,2026-01-16
CC3_Revised_2.pdf,217244,.pdf,2026-02-12,2026-02-12
CC3_Revision.pdf,209675,.pdf,2026-01-29,2026-01-29
cc4-problem.pdf,2807636,.pdf,2026-01-23,2026-01-23
CC4.pdf,214662,.pdf,2026-01-23,2026-01-23
CC4_Revised.pdf,203763,.pdf,2026-02-05,2026-02-05
cc5-problem-Buffalo-Steve V1.pdf,1452392,.pdf,2026-02-06,2026-02-06
CC5.pdf,204448,.pdf,2026-02-06,2026-02-06
CC5.txt,1728,.txt,2026-02-12,2026-02-12
CC5_Revised.pdf,222769,.pdf,2026-02-12,2026-02-12
"ChatGPT Image Jul 10, 2025, 09_47_16 PM.png",1156356,.png,2025-07-10,2025-07-10
"ChatGPT Image Jul 10, 2025, 09_48_11 PM.png",1156356,.png,2025-07-10,2025-07-10
"ChatGPT Image Jul 10, 2025, 09_52_39 PM.png",1078075,.png,2025-07-10,2025-07-10
"ChatGPT Image Jul 10, 2025, 09_59_59 PM.png",1479871,.png,2025-07-10,2025-07-10
cheatsheet.pdf,137200,.pdf,2024-11-05,2024-11-05
Cherry-Picking.pdf,157351,.pdf,2025-11-20,2025-11-20
ChicagoSalaries.csv,2282740,.csv,2025-12-16,2025-12-16
Clear and concise sentences activity.pdf,197523,.pdf,2024-12-20,2024-12-20
clearcoat.csv,206,.csv,2025-12-17,2025-12-17
Clothes.xlsx,4751,.xlsx,2025-01-23,2025-01-23
cmd starsector.txt,1436,.txt,2025-07-26,2025-07-19
Competitive Gaming Leaderboard Verification Leetcode Problem.docx,21191,.docx,2025-11-04,2025-11-04
Competitive Gaming Leaderboard Verification Leetcode Problem.pdf,101408,.pdf,2025-11-15,2025-11-15
Competitive Gaming Leaderboard Verification.pdf,88137,.pdf,2025-11-08,2025-11-08
Competitive_Gaming_Leaderboard_Verification.pdf,88137,.pdf,2025-11-08,2025-11-08
Competitive_Gaming_Leaderboard_Verification_Leetcode_Problem.pdf,101408,.pdf,2025-11-15,2025-11-15
CON.pdf,475662,.pdf,2025-05-02,2025-05-02
Conceptual.drawio.png,226115,.png,2025-02-21,2025-02-21
Conceptual.jpg,139205,.jpg,2025-02-15,2025-02-15
Constraints.pptx,603847,.pptx,2025-01-10,2025-01-10
content.pdf,1341567,.pdf,2025-05-19,2025-05-19
Courseup!.pdf,18428,.pdf,2024-12-17,2024-12-17
Courseup!.pptx,635928,.pptx,2024-12-17,2024-12-17
Cover Letter.pdf,28682,.pdf,2024-12-12,2024-12-12
Create.pptx,176767,.pptx,2025-01-24,2025-01-24
CreeperFarm.schem,10668,.schem,2026-02-05,2026-02-05
CS332 cheatsheet Exam1 Part1.docx,17481,.docx,2025-05-09,2025-05-09
CSSE 232  Exam 1 Fall 2019-20.pdf,804040,.pdf,2025-02-17,2025-02-17
CSSE 280 Exam 1 Scrivner Winter 2021-22.pdf,354799,.pdf,2024-10-07,2024-10-07
CSSE 280 Exam 3 Scrivner Winter 2021-22.pdf,398487,.pdf,2024-11-20,2024-11-20
CSSE 335.html,6538,.html,2025-10-24,2025-10-24
CSSE MA 473 Exam 1 Dec 17 2018.pdf,227027,.pdf,2026-02-21,2026-02-21
CSSE MA 473 Exam 1 Dec 21 2017.pdf,384606,.pdf,2026-02-21,2026-02-21
CSSE MA 473 Exam 1 Oct 2 2015.pdf,273148,.pdf,2026-02-21,2026-02-21
CSSE MA 473 Exam 2 Jan 21 2019.pdf,234619,.pdf,2026-02-21,2026-02-21
CSSE MA 473 Exam 2 Jan 22 2018.pdf,409694,.pdf,2026-02-21,2026-02-21
CSSE MA 473 Exam 2 Nov 9 2015.pdf,301151,.pdf,2026-02-21,2026-02-21
CSSE MA 473 Exam 3 Feb 11 2019.pdf,195974,.pdf,2026-02-12,2026-02-12
CSSE MA 473 Exam 3 Feb 12 2018.pdf,512289,.pdf,2026-02-12,2026-02-12
CSSE-Research-Symposium-Program-Final-2025.pdf,4636533,.pdf,2025-05-14,2025-05-14
CSSE232 Practical 2 Worksheet.pdf,365842,.pdf,2024-12-19,2024-12-19
csse232-sher_week7-2.pdf,816157,.pdf,2025-01-28,2025-01-28
csse232-sher_week8-1.pdf,643160,.pdf,2025-02-07,2025-02-07
CSSE232_DBProject_SampleDataSource - Sheet1.csv,2795,.csv,2025-01-11,2025-01-11
CSSE232_DBProject_SampleDataSource - Sheet1.tsv,3020,.tsv,2025-01-11,2025-01-11
CSSE232_HW10.pdf,43800,.pdf,2025-01-15,2025-01-15
CSSE232_HW11.pdf,977475,.pdf,2025-01-22,2025-01-22
CSSE232_HW12.pdf,429789,.pdf,2025-01-24,2025-01-24
CSSE232_HW14.pdf,100853,.pdf,2025-01-24,2025-01-24
CSSE232_HW15.pdf,889651,.pdf,2025-02-07,2025-02-07
CSSE232_HW16.pdf,3775207,.pdf,2025-02-17,2025-02-17
CSSE232_HW6.pdf,45311,.pdf,2024-12-19,2024-12-19
CSSE232_HW7.pdf,55073,.pdf,2024-12-19,2024-12-19
CSSE232_Practical3_Worksheet.pdf,75722,.pdf,2025-01-10,2025-01-10
csse232_sher_week1-1.pdf,209963,.pdf,2024-12-19,2024-12-19
csse232_sher_week2-1.pdf,570566,.pdf,2024-12-19,2024-12-19
csse232_sher_week2-1_worksheet_sol.pdf,45532,.pdf,2024-12-19,2024-12-19
csse232_sher_week3-1.pdf,296831,.pdf,2024-12-19,2024-12-19
csse232_sher_week3-2.pdf,106044,.pdf,2025-01-09,2025-01-09
csse232_sher_week4-1.pdf,668455,.pdf,2025-01-10,2025-01-10
csse232_sher_week5-1.pdf,265554,.pdf,2025-01-17,2025-01-17
csse232_sher_week6-1.pdf,212384,.pdf,2025-01-17,2025-01-17
csse232_sher_week7-1.pdf,628826,.pdf,2025-01-28,2025-01-28
CSSE280_RestAPI_Outline.pdf,64540,.pdf,2024-11-01,2024-11-01
CSSE332_Theory - Google Docs.pdf,30325,.pdf,2025-05-20,2025-05-20
CSSE333 Status Report Template.docx,19174,.docx,2025-01-11,2025-01-11
CSSE333 Status Report.pdf,130596,.pdf,2025-01-17,2025-01-17
CSSE333 Week 5 Status Report.docx,471955,.docx,2025-01-17,2025-01-17
CSSE333 Week 5 Status Report.pdf,220474,.pdf,2025-01-17,2025-01-17
CSSE333 Week6 Status Report.pdf,181892,.pdf,2025-01-23,2025-01-23
CSSE335 Linsolve Report.pdf,1365079,.pdf,2025-11-11,2025-11-11
CSSE335_Cheatsheet_Quiz2.pdf,185461,.pdf,2025-10-24,2025-10-24
CSSE335_HW1.pdf,285239,.pdf,2025-09-11,2025-09-11
CSSE335_HW2.pdf,150726,.pdf,2025-09-24,2025-09-24
CSSE335_HW5.pdf,61973,.pdf,2025-11-05,2025-11-05
CSSE371 - HW5.pdf,1049657,.pdf,2025-11-15,2025-11-15
CSSE371 HW1 Answers.pdf,24642,.pdf,2025-09-12,2025-09-12
CSSE371 HW2 Questions.pdf,54417,.pdf,2025-09-27,2025-09-27
CSSE371 HW2 Reflection Questions.pdf,28985,.pdf,2025-09-20,2025-09-20
CSSE371 HW2.pdf,35054,.pdf,2025-09-20,2025-09-20
CSSE371_Exam1_CheatSheet.docx,29214,.docx,2025-10-06,2025-10-06
CSSE371_Humans.pdf,54636,.pdf,2025-11-21,2025-11-21
CSSE371_hw1.pdf,156928,.pdf,2025-09-05,2025-09-05
CSSE371_hw2.pdf,227883,.pdf,2025-09-16,2025-09-16
CSSE371_HW2_Transcript.pdf,57277,.pdf,2025-09-20,2025-09-20
CSSE371_hw3.pdf,654911,.pdf,2025-10-02,2025-10-02
CSSE371_hw3_template.docx,113393,.docx,2025-10-11,2025-10-03
CSSE371_hw3_template.pdf,294599,.pdf,2025-10-11,2025-10-03
CSSE371_hw4.pdf,372263,.pdf,2025-10-25,2025-10-17
CSSE371_hw4_filled.docx,24357,.docx,2025-10-17,2025-10-17
CSSE371_hw4_template.docx,24356,.docx,2025-10-17,2025-10-17
CSSE371_hw5.pdf,192818,.pdf,2025-11-07,2025-11-07
CSSE371_HW5_Initial.docx,1686921,.docx,2025-11-14,2025-11-01
CSSE371_milestone_1.pdf,182996,.pdf,2025-09-16,2025-09-16
CSSE371_Milestone_2.pdf,230984,.pdf,2025-10-08,2025-10-08
CSSE371_milestone_3.pdf,158935,.pdf,2025-11-03,2025-11-03
CSSE371_Reflection_Questions.pdf,53992,.pdf,2025-09-19,2025-09-19
CSSE371_stouder_readings.pdf,2873769,.pdf,2025-10-06,2025-10-06
CSSE374 - HW2.pdf,419023,.pdf,2026-01-12,2026-01-12
CSSE374 Homework 1 - Mark Kenny & Sanil Maheshwari.pdf,388882,.pdf,2025-12-15,2025-12-15
CSSE374 Homework Template.docx,18243,.docx,2025-12-04,2025-12-04
CSSE374_CC2.pdf,215920,.pdf,2025-12-22,2025-12-22
CSSE374_ExtraCredit.pdf,14515566,.pdf,2026-02-13,2026-02-13
CSSE374_Final_Design.docx,148958,.docx,2026-02-21,2026-02-21
CSSE473_HW2.pdf,226669,.pdf,2025-12-18,2025-12-18
CSSE490_Final_Project.pdf,54217,.pdf,2025-04-28,2025-04-28
CSSE_november_newsletter.pdf,20441177,.pdf,2025-12-11,2025-12-11
Customer Coordinator Prototype V1.bmpr,585728,.bmpr,2025-10-22,2025-10-22
Customer Coordinator Prototype V1.pdf,301647,.pdf,2025-10-15,2025-10-15
cute cats.jfif,140231,.jfif,2024-09-05,2024-09-05
CV.pdf,35551,.pdf,2024-12-19,2024-12-19
d.pdf,4018836,.pdf,2024-09-12,2024-09-12
Data Mining Report_graded.pdf,119787,.pdf,2026-02-22,2026-02-22
Data.csv,1547,.csv,2025-10-16,2025-10-16
DataMining_DraftReport_graded.pdf,3414318,.pdf,2026-02-22,2026-02-22
dataTypes.rtf,2099,.rtf,2025-01-10,2025-01-10
date_format.sql,309,.sql,2025-01-24,2025-01-24
date_format_execute.sql,42,.sql,2025-01-24,2025-01-24
David J. Agans - Debugging - The 9 Indispensable Rules for Finding Even the Most Elusive Hardware and Software Problem-Amacom (2002).pdf,2597142,.pdf,2025-03-11,2025-03-11
Day11ProofsStartFA2425.pdf,124732,.pdf,2024-09-23,2024-09-23
Day22EquivRelationsFA2425.pdf,111547,.pdf,2024-10-15,2024-10-15
Day2ConnectivesLogicalFormFA2425.pdf,116528,.pdf,2024-09-06,2024-09-06
Day5VariablesSetsFA2425.pdf,125034,.pdf,2024-09-12,2024-09-12
Day5VariablesSetsFA2425_MORESTUFF_HERE.pdf,118133,.pdf,2024-09-12,2024-09-12
Day6QuantifiersFA2425.pdf,203414,.pdf,2024-09-13,2024-09-13
Db.App.appinstaller,5699,.appinstaller,2026-01-15,2026-01-15
deleteOrderDetails.sql,1243,.sql,2025-01-17,2025-01-16
delta_debugger.py,1873,.py,2025-04-29,2025-04-29
Desktop - Shortcut.lnk,711,.lnk,2025-03-01,2025-03-01
desktop.ini,282,.ini,2025-01-31,2024-07-16
dissertation.pdf,1076807,.pdf,2026-01-16,2026-01-16
DM_2025-26_day1.pdf,194960,.pdf,2025-12-08,2025-12-08
DM_2025-26_day2.pdf,245353,.pdf,2025-12-08,2025-12-08
DM_2025-26_day3.pdf,170691,.pdf,2025-12-08,2025-12-08
DM_2025-26_day4.pdf,133976,.pdf,2025-12-08,2025-12-08
doc_2383232_I9_Employment_Eligibility_Verification_4f7ccf27-00b7-41a2-9a76-502db77ff1ef_821114516.pdf,425771,.pdf,2024-09-23,2024-09-23
doc_2383232_NonDisclosure_Agreement_5da3b101-eb7e-437e-ae76-3af7c3c23870_81610613.pdf,199488,.pdf,2024-09-23,2024-09-23
download.jpeg,401392,.jpeg,2025-12-14,2025-12-14
DS Brat Fry 24.pdf,186291,.pdf,2024-09-27,2024-09-27
DT2.html,529104,.html,2026-02-03,2026-02-03
Dynamics Time Entry-Expense  Procedures - Interns.pdf,892035,.pdf,2024-10-11,2024-10-11
"ECE 332 Exam 1 Jo Jan 7, 22.pdf",634644,.pdf,2025-04-03,2025-04-03
ECE 332 Exam 2 2-5-21.pdf,2057458,.pdf,2025-04-25,2025-04-25
"ECE 332 Exam 2 Jo Feb 4, 22.pdf",571174,.pdf,2025-05-09,2025-05-09
ECE Lab #2.pdf,4368873,.pdf,2024-10-08,2024-10-08
ECE Lab #6.pdf,5017005,.pdf,2024-11-06,2024-11-06
ECE233 Final Exam Packet Questions.pdf,1037661,.pdf,2024-11-19,2024-11-19
ECE233_Lab#3_Report.pdf,707695,.pdf,2024-10-09,2024-10-09
ECE233_Lab#4_Report.pdf,2438111,.pdf,2024-10-23,2024-10-23
ECE332 Final Presentation.pdf,1116267,.pdf,2025-05-23,2025-05-23
ECE332_1stDraft.pdf,884139,.pdf,2025-04-29,2025-04-29
ECE332_FinalDraft.pdf,741789,.pdf,2025-05-19,2025-05-19
ECE332_HW2_Data.xlsx,4950,.xlsx,2025-03-25,2025-03-25
ECE332_Memo#3.pdf,63716,.pdf,2025-03-27,2025-03-27
ECE332_Memo#4.pdf,80525,.pdf,2025-04-10,2025-04-10
ECE332_Memo_1.pdf,53310,.pdf,2025-03-13,2025-03-13
ECE332_Memo_2.pdf,70886,.pdf,2025-03-20,2025-03-20
ECE_Lab#5_Report.pdf,419691,.pdf,2024-10-30,2024-10-30
Eggs Hitting the Earth.pdf,59763,.pdf,2025-11-20,2025-11-20
EHS Chatbot Approval Report.pdf,121701,.pdf,2025-07-30,2025-07-30
Elephants In Zoos.pdf,93587,.pdf,2025-11-20,2025-11-20
Elicitation for CSSE371-02 - Avery.docx,420105,.docx,2025-09-23,2025-09-23
Elicitation for CSSE371-02 - Rebecca.docx,603233,.docx,2025-09-23,2025-09-23
Endless.png,792582,.png,2025-12-19,2025-12-19
ENGL H290 Team Charter.docx,20477,.docx,2025-01-13,2025-01-13
ENGLH290_Analysis.pdf,2957916,.pdf,2025-02-13,2025-02-13
ENGLH334_EssayDraft.pdf,80208,.pdf,2025-10-14,2025-10-14
ENGLH334_EssayFinal.pdf,90719,.pdf,2025-10-19,2025-10-19
ENGLH334_FinalPPT.pdf,988291,.pdf,2025-11-15,2025-11-15
ENGLH334_FinalPPT.pptx,9172956,.pptx,2025-11-15,2025-11-15
ENGLH334_HW2.pdf,44892,.pdf,2025-09-27,2025-09-27
ENGLH334_Nomadland_Scene_Analysis.pdf,37444,.pdf,2025-10-26,2025-10-26
ENGLH334_Nomadland_Scene_Analysis.rtf,135327,.rtf,2025-10-26,2025-10-26
ENGLH334_PhotoEssay_Final.pdf,9933227,.pdf,2025-11-15,2025-11-15
Equivalence example.png,15002,.png,2024-10-15,2024-10-15
ERDiagram - MJK.pdf,102735,.pdf,2025-10-25,2025-10-25
ERDiagram - Parth Revised.pdf,96740,.pdf,2025-10-25,2025-10-25
ERDiagram.vsdx,57358,.vsdx,2025-10-17,2025-10-17
ERDiagrams.pptx,165547,.pptx,2024-12-09,2024-12-09
error.txt,1881,.txt,2025-10-03,2025-10-03
ERScenarioHandout.docx,19295,.docx,2024-12-20,2024-12-20
ER_RelationalModel.pptx,929312,.pptx,2024-12-10,2024-12-10
ER_Relations.pptx,713865,.pptx,2024-12-11,2024-12-11
ER_Relations_PreClass.pptx,118269,.pptx,2024-12-09,2024-12-09
Escape Room.pdf,164212,.pdf,2025-11-20,2025-11-20
eula.txt,161,.txt,2025-12-03,2025-12-03
Exam 1 1.2 Revision.pdf,24835,.pdf,2024-10-13,2024-10-13
Exam 1 1.2 Revision.txt,490,.txt,2024-10-13,2024-10-13
"Exam 1 D. Chang April 6, 2021.pdf",539041,.pdf,2025-04-04,2025-04-04
Exam 1 Petrik.pdf,192051,.pdf,2025-03-28,2025-03-28
Exam 1 Spring22-23 Rickert.pdf,240874,.pdf,2024-12-17,2024-12-17
Exam 2 - 1.3 - Revision.pdf,241159,.pdf,2024-11-02,2024-11-02
Exam 2 - Coding.docx,141279,.docx,2025-01-24,2025-01-24
"Exam 2 D. Chang May 6, 2021.pdf",527154,.pdf,2025-04-25,2025-04-25
"Exam 2 May 5, 2017 97.pdf",310838,.pdf,2025-05-09,2025-05-09
"Exam 2 May 5, 2020.pdf",486829,.pdf,2025-01-23,2025-01-23
"Exam 2 May 6, 2016 86.pdf",252471,.pdf,2025-05-09,2025-05-09
"Exam 2 May 8, 2015 95.pdf",337710,.pdf,2025-05-09,2025-05-09
"Exam 2 May 9, 2014 85.pdf",291445,.pdf,2025-05-09,2025-05-09
"Exam 2 Mohan Written Portion Jan 17, 2024.pdf",21439999,.pdf,2025-02-13,2025-02-13
"Exam 3 May 21, 2020.pdf",493125,.pdf,2025-02-13,2025-02-13
exam-bayesian-fundamentals.pdf,61077,.pdf,2026-01-15,2026-01-15
exam-statistical-process.pdf,39619,.pdf,2025-12-05,2025-12-05
Exam2Review.pptx,69529,.pptx,2025-01-24,2025-01-24
exam3.pdf,59523,.pdf,2025-02-26,2025-02-26
Exam3Review.pptx,69781,.pptx,2025-02-14,2025-02-14
example_vad.wav,9588860,.wav,2025-03-06,2025-03-06
exam_review.pdf,128706,.pdf,2025-10-06,2025-10-06
export.json,304044,.json,2025-06-25,2025-06-25
ExportedEstimate.xlsx,53972,.xlsx,2025-07-28,2025-07-28
ext2access.txt,26808,.txt,2025-05-17,2025-05-17
E_LogisticRegression_RedWine.html,380606,.html,2026-01-31,2026-01-31
E_PandasDataTypes.ipynb,32516,.ipynb,2025-12-16,2025-12-16
E_TF-IDF_Lesson.html,288271,.html,2026-02-11,2026-02-11
E_TFIDF_movie_reviews.html,684854,.html,2026-02-11,2026-02-11
f8843.pdf,107328,.pdf,2025-04-11,2025-04-11
fa4_timing_sim.png,51928,.png,2024-09-17,2024-09-15
"Fall 2024 employment offer letter - Kenny, Mark.pdf",140590,.pdf,2024-09-20,2024-09-20
fa_func_sim.png,39856,.png,2024-09-16,2024-09-15
Feedback Report Week 6.pdf,164221,.pdf,2024-10-26,2024-10-26
Feedback report.pdf,166216,.pdf,2024-11-16,2024-11-16
FeedbackReport_MJK.pdf,998894,.pdf,2024-10-19,2024-10-19
Final Project Topic.pdf,111666,.pdf,2025-03-28,2025-03-28
Final Report Instructions.docx,19252,.docx,2025-02-21,2025-02-21
Final Report.docx,689440,.docx,2025-02-22,2025-02-22
Final Report.pdf,614669,.pdf,2025-02-22,2025-02-22
FinalReportRubric.docx,19769,.docx,2025-02-21,2025-02-21
finalScript,1957,,2025-05-20,2025-05-20
Final_Report.pdf,432005,.pdf,2025-01-10,2025-01-10
Fluff - Volume Four.pdf,1544972,.pdf,2025-06-03,2025-06-03
For Mark.pdf,179607,.pdf,2025-05-16,2025-05-16
forge-1.12.2-14.23.5.2860-installer.jar.log,5888,.log,2025-11-30,2025-11-30
forge-1.19.2-43.5.1-installer.jar.log,1074662,.log,2025-11-17,2025-11-17
forge-1.20.2-48.1.0-installer.jar.log,602,.log,2025-12-03,2025-12-03
Functions.pptx,106067,.pptx,2025-01-13,2025-01-13
Furniture and Room Measurements.pdf,403384,.pdf,2025-07-29,2025-07-29
Gerrymandering.pdf,147373,.pdf,2025-11-20,2025-11-20
GHero.sof,3541727,.sof,2024-09-10,2024-09-10
GIT.pdf,3698745,.pdf,2025-04-08,2025-04-08
gn10_mpi_hello_solutions.pdf,229256,.pdf,2025-10-24,2025-10-24
gn12_reduce_solutions.pdf,246717,.pdf,2025-10-24,2025-10-24
gn13_moreMPI_solutions.pdf,264137,.pdf,2025-10-24,2025-10-24
gn14_mpi_timing_solutions.pdf,192894,.pdf,2025-10-24,2025-10-24
gn15_sendrecv_solutions.pdf,201207,.pdf,2025-10-24,2025-10-24
gn16_sortdemo1_solutions.pdf,231121,.pdf,2025-10-24,2025-10-24
gn17_sortdemo2_solutions.pdf,198140,.pdf,2025-10-24,2025-10-24
GPU DOC.pdf,36868,.pdf,2025-02-21,2025-02-21
GPU.pptx,1075282,.pptx,2025-02-18,2025-02-18
Grabbing Quotes.pdf,161274,.pdf,2025-11-20,2025-11-20
grades_script2.py,396,.py,2026-01-05,2026-01-05
GradientBoosting.html,374465,.html,2026-02-03,2026-02-03
Group 5 Peer Review Memo.docx,7838,.docx,2025-02-04,2025-02-04
Group 5.pdf,1058805,.pdf,2025-02-03,2025-02-03
Group_6.pdf,2001370,.pdf,2025-02-03,2025-02-03
Guide_to_RAG_on_Azure.pdf,4035,.pdf,2025-08-17,2025-08-17
H1-sol.html,682937,.html,2025-12-06,2025-12-06
H1.pdf,90169,.pdf,2025-12-08,2025-12-08
H10-preprocessing.html,276080,.html,2026-02-18,2026-02-18
H10-preprocessing.ipynb,7821,.ipynb,2026-02-18,2026-02-18
H10-sol.html,1126460,.html,2026-02-11,2026-02-11
H10.pdf,53413,.pdf,2026-02-18,2026-02-18
H2-sol.html,380064,.html,2025-12-08,2025-12-08
H2.pdf,111255,.pdf,2025-12-08,2025-12-08
H3-sol.html,458811,.html,2025-12-16,2025-12-16
H3.pdf,139873,.pdf,2025-12-16,2025-12-16
H4-sol.html,539116,.html,2026-01-07,2026-01-07
H4.pdf,143835,.pdf,2026-01-07,2026-01-07
H5-sol.html,673293,.html,2026-01-13,2026-01-13
H5.pdf,183903,.pdf,2026-01-13,2026-01-13
H6-sol_problem2.html,308056,.html,2026-01-20,2026-01-20
H6.pdf,284713,.pdf,2026-01-16,2026-01-16
H7-sol.html,395327,.html,2026-01-20,2026-01-20
H7.pdf,54906,.pdf,2026-01-24,2026-01-24
H8-sol.html,400463,.html,2026-01-31,2026-01-31
H8.pdf,61294,.pdf,2026-01-16,2026-01-16
H9-sol.html,312884,.html,2026-02-03,2026-02-03
H9.pdf,67734,.pdf,2026-02-11,2026-02-11
Homework 1 (SP25).pdf,384090,.pdf,2025-03-18,2025-03-18
Homework 1.pdf,305868,.pdf,2024-09-11,2024-09-11
Homework 10.pdf,647423,.pdf,2024-11-15,2024-11-15
Homework 3.pdf,389099,.pdf,2024-09-26,2024-09-26
Homework 4 (SP25).pdf,519402,.pdf,2025-04-25,2025-04-25
Homework 4F24.pdf,448048,.pdf,2024-10-03,2024-10-03
Homework 5F24.pdf,359247,.pdf,2024-10-09,2024-10-09
Homework_7__Spring24_.pdf,777327,.pdf,2024-10-24,2024-10-24
HOTEL AURA SAN FRANCISCO AIRPORT - Reservations - Confirmation.pdf,306749,.pdf,2025-12-31,2025-12-31
Hotel_Application_Wireframe_CC.pdf,133761,.pdf,2025-10-10,2025-10-10
Hotel_Application_Wireframe_HM.pdf,133909,.pdf,2025-10-10,2025-10-10
HSE Knowledge Chatbot Requirements Document.pdf,275357,.pdf,2025-07-30,2025-07-30
httpserver.py,6444,.py,2024-09-26,2024-09-26
Human Resources link.docx,21845,.docx,2024-10-11,2024-10-11
hw.pdf,34502,.pdf,2025-03-09,2025-03-09
HW02-statistical-process.pdf,32147,.pdf,2025-12-08,2025-12-08
HW03-likelihoods.pdf,31488,.pdf,2025-12-12,2025-12-12
HW04-posterior.pdf,37470,.pdf,2025-12-16,2025-12-16
HW05-estimation.pdf,36441,.pdf,2025-12-18,2025-12-18
HW06-prediction.pdf,40299,.pdf,2026-01-07,2026-01-07
HW07-hypothesis-testing.pdf,34818,.pdf,2026-01-09,2026-01-09
HW08-constructing-priors.pdf,26197,.pdf,2026-01-13,2026-01-13
HW1-problemV7-Steve.docx,74219,.docx,2025-12-04,2025-12-04
HW10.pdf,58531,.pdf,2025-04-29,2025-04-29
HW11.pdf,53371,.pdf,2025-05-02,2025-05-02
HW12.pdf,59018,.pdf,2025-05-06,2025-05-06
HW13.pdf,58706,.pdf,2025-05-09,2025-05-09
HW14.pdf,51832,.pdf,2025-05-13,2025-05-13
HW2.2_-_Starter_Relational_Algebra.pdf,196638,.pdf,2024-12-13,2024-12-13
HW2.3_-_Challenging_Relational_Algebra.pdf,129211,.pdf,2024-12-16,2024-12-16
HW2.pdf,225054,.pdf,2025-12-18,2025-12-18
HW3.1.pdf,117605,.pdf,2024-12-18,2024-12-18
HW3.2.pdf,106637,.pdf,2024-12-21,2024-12-20
HW3.pdf,281593,.pdf,2025-10-16,2025-10-16
HW4.1_-_Views.pdf,172398,.pdf,2025-01-08,2025-01-08
HW4.2_-_Create_Table.pdf,159983,.pdf,2025-01-10,2025-01-10
HW5.1.pdf,180753,.pdf,2025-01-22,2025-01-22
HW5.2.pdf,269256,.pdf,2025-01-28,2025-01-28
HW5.3_-_Normalization_Part_3.pdf,370940,.pdf,2025-01-30,2025-01-30
HW5_ Photo Bucket Homework.pdf,1141591,.pdf,2024-10-27,2024-10-27
HW6.1-Written.pdf,120362,.pdf,2025-02-11,2025-02-11
HW6.pdf,55421,.pdf,2025-04-07,2025-04-07
HW9.pdf,50050,.pdf,2025-01-13,2025-01-13
I-94 Official Website - Get Most Recent I-94 Response.pdf,292533,.pdf,2025-04-15,2025-04-15
Icon Detection.pdf,318432,.pdf,2025-11-20,2025-11-20
IJCET_16_02_018.pdf,4378127,.pdf,2025-05-19,2025-05-19
IMDB_test_small.csv,1298909,.csv,2026-02-11,2026-02-11
ImmGen.v,2428,.v,2025-01-16,2025-01-16
immgendo.png,140007,.png,2025-01-16,2025-01-16
In Class Activity - Key.docx,232980,.docx,2024-12-11,2024-12-11
In Class Activity.doc,69632,.doc,2025-01-23,2025-01-23
in-class-3-step-process - Steve.docx,1141152,.docx,2025-12-05,2025-12-05
Indexes.pptx,443503,.pptx,2025-02-14,2025-02-14
IndexesWithTrees.pptx,70843,.pptx,2025-02-14,2025-02-14
Individual Team Worksheet.pdf,44067,.pdf,2025-01-09,2025-01-09
InformedConsent.IRBtemplate.docx,32972,.docx,2025-11-01,2025-11-01
Initial Problem Statement.pdf,503420,.pdf,2025-01-11,2025-01-11
inline-execute.sql,48,.sql,2025-01-24,2025-01-24
inline-function.sql,189,.sql,2025-01-24,2025-01-24
InLineTableValuedFuncton.sql,264,.sql,2025-01-24,2025-01-24
insertOrderDetails.sql,1891,.sql,2025-01-17,2025-01-17
InsertService.java,1867,.java,2025-02-15,2025-02-15
Installing SQL Server Management Studio.docx,14936,.docx,2024-12-02,2024-12-02
Integrate Standard Application Form 2025.docx,174013,.docx,2025-02-26,2025-02-26
Intern Data.csv,5034,.csv,2025-09-19,2025-09-19
Internship_Offboarding_Template.pdf,1515551,.pdf,2025-08-12,2025-08-12
IntroductionAndArchitecture.pptx,517309,.pptx,2024-12-02,2024-12-02
involve.2013.6.35.pdf,601843,.pdf,2025-04-22,2025-04-22
IRB Consent Form.docx,15111,.docx,2025-11-15,2025-11-13
IRB Consent Form_signed_Participant_1.pdf,173975,.pdf,2025-11-15,2025-11-15
Itinerary.pdf,172138,.pdf,2024-10-24,2024-10-24
Jab We Met.pdf,41168,.pdf,2025-12-11,2025-12-11
JamesN_ProfessionalMemo.pdf,64870,.pdf,2024-12-17,2024-12-17
"Jonathan Wolff - An Introduction to Political Philosophy-Oxford University Press, USA (2006).pdf",1248355,.pdf,2025-03-10,2025-03-10
"Jonathan Wolff - Why Read Marx Today_-Oxford University Press, USA (2003).pdf",1031406,.pdf,2025-03-10,2025-03-10
K-Means.html,538595,.html,2026-02-17,2026-02-17
kalloc.c,1958,.c,2025-05-19,2025-05-19
KC for ECM Ch.pdf,29804,.pdf,2024-12-05,2024-12-05
KC Wolfe 2.pdf,78218,.pdf,2024-12-06,2024-12-06
KC Wolfe 7.pdf,25325,.pdf,2024-12-06,2024-12-06
"Kenny, Mark Joseph - Resume .docx",23304,.docx,2025-05-31,2024-12-17
"Kenny, Mark Joseph - Resume IN.docx",23724,.docx,2025-06-03,2025-06-02
"Kenny, Mark Joseph - Resume.docx",20260,.docx,2025-04-23,2024-10-02
"Kenny, Mark Joseph - Resume.pdf",173420,.pdf,2025-06-06,2025-06-06
"Kenny, Mark Joseph -- Cover Letter.pdf",35869,.pdf,2025-06-06,2025-06-06
"Kenny, Mark Joseph -- Resume (Updated).docx",21503,.docx,2025-09-14,2025-09-14
"Kenny, Mark Joseph -- Resume.docx",23819,.docx,2025-12-14,2025-06-03
"Kenny, Mark Joseph --- Resume.pdf",185857,.pdf,2025-06-11,2025-06-11
"Kenny, Mark Joseph.pdf",182860,.pdf,2025-10-01,2025-10-01
kennym1.ics,28040,.ics,2024-09-05,2024-09-05
Kenny__Mark_Joseph_Resume .pdf,61328,.pdf,2024-09-04,2024-09-04
koch_snowflake.py,4440,.py,2025-04-12,2025-04-12
Kwon_columbia_0054D_17226.pdf,3725814,.pdf,2025-05-19,2025-05-19
L1.pdf,106335,.pdf,2025-12-08,2025-12-02
L10.pdf,278114,.pdf,2026-01-16,2026-01-05
L12.pdf,65444,.pdf,2026-01-16,2026-01-08
L13.pdf,351423,.pdf,2026-01-16,2026-01-08
L14.pdf,91345,.pdf,2026-01-15,2026-01-15
L15.pdf,302510,.pdf,2026-01-15,2026-01-15
L16.pdf,87655,.pdf,2026-01-23,2026-01-23
L17.pdf,137033,.pdf,2026-01-30,2026-01-23
L18.pdf,91352,.pdf,2026-01-29,2026-01-29
L19.pdf,73960,.pdf,2026-01-27,2026-01-27
L2.pdf,93793,.pdf,2025-12-08,2025-12-08
L20.pdf,106180,.pdf,2026-02-19,2026-02-19
L21.pdf,52990,.pdf,2026-02-19,2026-02-19
L22.html,298211,.html,2026-02-13,2026-02-13
L22.pdf,65579,.pdf,2026-02-11,2026-02-11
L23.pdf,275267,.pdf,2026-02-17,2026-02-17
L24.pdf,47051,.pdf,2026-02-19,2026-02-19
L25.pdf,42878,.pdf,2026-02-19,2026-02-19
L26.pdf,42273,.pdf,2026-02-19,2026-02-19
L27.pdf,56194,.pdf,2026-02-17,2026-02-17
L28.pdf,127352,.pdf,2026-02-19,2026-02-19
L29.pdf,65004,.pdf,2026-02-12,2026-02-12
L3.pdf,106704,.pdf,2025-12-12,2025-12-08
L4.pdf,221716,.pdf,2025-12-12,2025-12-08
L5.pdf,86522,.pdf,2025-12-08,2025-12-08
L6.pdf,81218,.pdf,2025-12-11,2025-12-11
L7.pdf,116780,.pdf,2025-12-16,2025-12-16
L8.pdf,99764,.pdf,2026-01-15,2026-01-08
L9.pdf,512168,.pdf,2026-01-16,2026-01-15
Lab 2 Final.pdf,1219866,.pdf,2024-09-26,2024-09-26
Lab 3 - Introduction to Verilog.pptx,1081877,.pptx,2024-10-08,2024-10-08
Lab 3 - Simulation and Testbenches.pptx,1535743,.pptx,2024-10-08,2024-10-08
Lab 7 - Sequential Circuits in Verilog.pptx,101126,.pptx,2024-11-12,2024-11-12
Lab 7 - Simulating Sequential Circuits.pptx,387893,.pptx,2024-11-12,2024-11-12
Lab#7Report.pdf,2009575,.pdf,2024-11-13,2024-11-13
LastBoot.vbs,452,.vbs,2025-11-17,2025-11-17
LeaderboardVerif.java,5908,.java,2025-11-15,2025-11-15
Learning experience report template.pdf,72253,.pdf,2024-11-18,2024-11-18
Lightning Talk Rubric.docx,15615,.docx,2025-02-13,2025-02-13
Logistical Regression.html,554587,.html,2026-02-03,2026-02-03
Lost in the Woods.pdf,192012,.pdf,2025-11-20,2025-11-20
MA 374 Billingsley Exam 1 Fall 2024.pdf,2486676,.pdf,2025-03-28,2025-03-28
MA 374 Billingsley Exam 2 Fall 2024.pdf,3254632,.pdf,2025-04-25,2025-04-25
MA 374 Exam 1 Petrik.pdf,350220,.pdf,2025-03-28,2025-03-28
MA 374 Exam 2 Petrik.pdf,321266,.pdf,2025-04-25,2025-04-25
"MA 374 Exam 2 Tuesday April 27, 2021.pdf",1037314,.pdf,2025-05-15,2025-05-15
MA 374 Exam 3 Petrik.pdf,332727,.pdf,2025-05-28,2025-05-28
MA 381 01 Exam 3 Prof. McSweeney Feb 10 2017.pdf,188816,.pdf,2025-02-13,2025-02-13
MA 381 03 Exam 3 Dr John McSweeny February 13 2014.pdf,146419,.pdf,2025-02-13,2025-02-13
MA 381 Exam 3 Version 2 Winter 2015 Dr Evans 02.pdf,401947,.pdf,2025-02-13,2025-02-13
MA 381 Exam 3 Version 2 Winter 2015 Dr Evans.pdf,251662,.pdf,2025-02-13,2025-02-13
"MA 381 McSweeney Test #3 Make up Feb 14, 2023.pdf",4279824,.pdf,2025-02-13,2025-02-13
MA 381 Test 1 Langley 45-50.pdf,171263,.pdf,2024-12-17,2024-12-17
MA 381 Test 2.pdf,137129,.pdf,2025-01-23,2025-01-23
MA 381 Test 3 Langley 45.5-50.pdf,174622,.pdf,2025-02-13,2025-02-13
"MA 381-02 Test 1 Tuesday, Dec 22, 2020.pdf",451527,.pdf,2024-12-17,2024-12-17
"MA 381-02 Test 3 Tuesday, Feb 16, 21.pdf",381488,.pdf,2025-02-13,2025-02-13
MA276 Questions.pdf,222087,.pdf,2024-11-17,2024-11-17
MA276 Solutions.pdf,448775,.pdf,2024-11-17,2024-11-17
MA276Quiz4DefinitionsAndTheoremsListW2324.pdf,101893,.pdf,2024-10-24,2024-10-24
MA276Section1.1ReadingGuide.pdf,80921,.pdf,2024-09-06,2024-09-06
MA276Worksheet14StrInductionCardinalityIntroFA2425texFileForStudents.tex,4023,.tex,2024-11-08,2024-11-08
MA276Worksheet1W2324.pdf,51215,.pdf,2024-09-09,2024-09-09
MA276Worksheet6FA2425texProblemsForStudents.tex,6314,.tex,2024-09-30,2024-09-30
MA276Worksheet9FA2425texFileForStudents.tex,4417,.tex,2024-10-26,2024-10-26
MA276_FeedbackReport_#7.pdf,190394,.pdf,2024-11-02,2024-11-02
MA374_HW1.mw,100708,.mw,2025-03-14,2025-03-14
MA374_HW1.pdf,124198,.pdf,2025-03-14,2025-03-14
MA374_HW2.pdf,155823,.pdf,2025-03-20,2025-03-20
MA374_HW3.pdf,170676,.pdf,2025-03-21,2025-03-21
MA374_HW4.pdf,99847,.pdf,2025-03-27,2025-03-27
MA374_HW5.pdf,263837,.pdf,2025-03-31,2025-03-31
MA374_HW7.pdf,58048,.pdf,2025-04-08,2025-04-08
MA374_HW8.pdf,56431,.pdf,2025-04-11,2025-04-11
MA381Notes1Sol.pdf,188505,.pdf,2024-12-17,2024-12-17
MA381Notes2Sol.pdf,207689,.pdf,2024-12-17,2024-12-17
MA381Notes3Sol.pdf,180579,.pdf,2024-12-17,2024-12-17
MA381Notes4Sol.pdf,208428,.pdf,2024-12-17,2024-12-17
MA381Notes5Sol.pdf,180741,.pdf,2024-12-17,2024-12-17
MA381Notes6Sol.pdf,189465,.pdf,2024-12-17,2024-12-17
MA381Notes7Sol.pdf,222344,.pdf,2024-12-17,2024-12-17
MA381Notes8Sol.pdf,189243,.pdf,2024-12-17,2024-12-17
MA381Notes9Sol.pdf,175234,.pdf,2024-12-17,2024-12-17
MA381_03_Spring_2020_test_1-solution.pdf,258431,.pdf,2024-12-15,2024-12-15
MA381_03_Spring_2020_test_1.pdf,57560,.pdf,2024-12-15,2024-12-15
MA381_FinalProject.pdf,139255,.pdf,2025-02-26,2025-02-26
MA381_S23_test_2.pdf,73001,.pdf,2025-01-29,2025-01-29
MA381_S23_test_2_normal table-solution.pdf,332721,.pdf,2025-01-29,2025-01-29
MA381_test_3__Fall__2020_w_tables-solved.pdf,712480,.pdf,2025-02-17,2025-02-17
MA381_test_3__Fall__2020_w_tables.pdf,526126,.pdf,2025-02-17,2025-02-17
MA384 Notes.txt,920,.txt,2026-02-17,2026-02-17
MA384-01.csv,2510,.csv,2025-12-02,2025-12-02
MA384-02.csv,2438,.csv,2025-12-02,2025-12-02
MA384_H1.pdf,28603,.pdf,2025-12-06,2025-12-06
MA384_HW1.html,371076,.html,2025-12-06,2025-12-06
MA384_HW10.html,615219,.html,2026-02-18,2026-02-18
MA384_HW2.html,374041,.html,2025-12-08,2025-12-08
MA384_HW3.html,366009,.html,2025-12-16,2025-12-16
MA384_HW4.html,498454,.html,2026-01-07,2026-01-07
MA384_HW5.html,783445,.html,2026-01-13,2026-01-13
MA384_HW7.html,452658,.html,2026-01-24,2026-01-24
MA384_HW8.html,431543,.html,2026-01-31,2026-01-31
MA384_HW9.html,326355,.html,2026-02-11,2026-02-11
MA384_L7.html,294229,.html,2025-12-19,2025-12-19
MA473Notes10Graphs.pdf,126474,.pdf,2026-02-24,2026-02-24
MA473Notes11GreedyMST.pdf,184368,.pdf,2026-02-24,2026-02-24
MA473Notes12HuffmanCodes.pdf,153258,.pdf,2026-02-24,2026-02-24
MA473Notes13Dijkstra.pdf,153899,.pdf,2026-02-24,2026-02-24
MA473Notes14DP.pdf,209066,.pdf,2026-02-24,2026-02-24
MA473Notes15FloydsAlg.pdf,129677,.pdf,2026-02-24,2026-02-24
MA473Notes16StableEmployment.pdf,138347,.pdf,2026-02-24,2026-02-24
MA473Notes17Complexity.pdf,228606,.pdf,2026-02-24,2026-02-24
MA473Notes1AlgorithmIntro.pdf,80849,.pdf,2026-02-24,2026-02-24
MA473Notes2BigOnotes.pdf,178545,.pdf,2026-02-24,2026-02-24
MA473Notes3MasterTheorem.pdf,132899,.pdf,2026-02-24,2026-02-24
MA473Notes4Arithmetic.pdf,185012,.pdf,2026-02-24,2026-02-24
MA473Notes5LinearAlgebra.pdf,234211,.pdf,2026-02-24,2026-02-24
MA473Notes6CombBF.pdf,140365,.pdf,2026-02-24,2026-02-24
MA473Notes7SelectionProblem.pdf,147052,.pdf,2026-02-24,2026-02-24
MA473Notes8Sorting.pdf,161840,.pdf,2026-02-24,2026-02-24
MA473Notes9Searching.pdf,136738,.pdf,2026-02-24,2026-02-24
MA473Wi2122Test1.pdf,141269,.pdf,2025-12-16,2025-12-16
MA473Wi2122Test2.pdf,172004,.pdf,2026-01-22,2026-01-22
MA473Wi2526Asst1.pdf,159704,.pdf,2026-02-24,2026-02-24
MA473Wi2526Asst2.pdf,192877,.pdf,2026-02-24,2026-02-24
MA473Wi2526Asst3.pdf,213425,.pdf,2026-02-24,2026-02-24
MA473Wi2526Asst4.pdf,225669,.pdf,2026-02-24,2026-02-24
MA473Wi2526Asst5.pdf,194780,.pdf,2026-02-24,2026-02-24
MA473Wi2526Asst6.pdf,1276976,.pdf,2026-02-24,2026-02-24
MA473Wi2526Asst7.pdf,214571,.pdf,2026-02-24,2026-02-24
MA473Wi2526Asst8.pdf,187562,.pdf,2026-02-24,2026-02-24
MA473Wi2526Asst9.pdf,223293,.pdf,2026-02-24,2026-02-24
MA473Wi2526Test1REVIEW.pdf,84800,.pdf,2025-12-16,2025-12-16
MA473_HW1.pdf,630073,.pdf,2025-12-11,2025-12-11
MA473_HW3.pdf,119987,.pdf,2026-01-08,2026-01-08
MA473_HW4.pdf,299211,.pdf,2026-01-15,2026-01-15
MA473_HW5.pdf,168550,.pdf,2026-01-22,2026-01-22
MA473_HW6.pdf,1225810,.pdf,2026-01-29,2026-01-29
MA473_HW7.pdf,218119,.pdf,2026-02-05,2026-02-05
MA473_HW8.pdf,249921,.pdf,2026-02-13,2026-02-13
MA473_HW9.pdf,221765,.pdf,2026-02-22,2026-02-22
ma483-text.pdf,5405555,.pdf,2025-12-18,2025-12-18
MA483_CourseProject.pdf,37943,.pdf,2025-12-18,2025-12-18
MA483_HW2.pdf,61496,.pdf,2025-12-10,2025-12-10
MA483_HW3.pdf,48831,.pdf,2025-12-13,2025-12-13
MA483_HW5.pdf,38156,.pdf,2025-12-22,2025-12-22
MA483_HW7.pdf,40442,.pdf,2026-01-10,2026-01-10
MA483_ModuleExam1.pdf,55146,.pdf,2025-12-12,2025-12-12
MA483_ModuleExam2.pdf,65702,.pdf,2026-01-16,2026-01-16
main.cpp,2294,.cpp,2025-11-15,2025-11-15
main.html,487070,.html,2026-02-03,2026-02-03
Main.java,3159,.java,2025-09-12,2025-09-12
Mark Joseph Kenny - Quiz 3 - 2.4 Revision.pdf,259821,.pdf,2024-10-24,2024-10-24
Mark Joseph Kenny.pdf,305672,.pdf,2025-08-14,2025-08-14
Math 381 Test 3.pdf,150779,.pdf,2025-02-13,2025-02-13
Math4575---HW-chapter7-8.pdf,110414,.pdf,2025-04-29,2025-04-29
Math4575---HW4a.pdf,82876,.pdf,2025-04-08,2025-04-08
Matmul Project.pdf,1135832,.pdf,2025-10-03,2025-10-03
MC HC Speedrun.txt,38,.txt,2026-02-18,2026-02-18
Memo.pdf,25316,.pdf,2024-12-12,2024-12-12
memory_JALR.txt,158,.txt,2025-01-30,2025-01-30
merged.pdf,1535955,.pdf,2025-03-25,2025-03-25
message.txt,5218,.txt,2025-11-15,2025-11-15
meta1.yankai,183114,.yankai,2025-10-23,2025-10-23
MGFs and normal dist.pdf,315453,.pdf,2025-02-17,2025-02-17
milestone1_solve.c,2168,.c,2025-11-04,2025-11-04
Milestone2_In_House_Staff_Hotel_Manager.bmpr,573440,.bmpr,2025-10-22,2025-10-14
Milestone2_In_House_Staff_Hotel_Manager_Part_1.bmpr,1740800,.bmpr,2025-10-22,2025-10-14
Milestone2_In_House_Staff_Part1 - Copy.bmpr,548864,.bmpr,2025-10-14,2025-10-14
Milestone2_In_House_Staff_Part1.bmpr,311296,.bmpr,2025-10-14,2025-10-14
Milestone2_In_House_Staff_Part2.bmpr,1044480,.bmpr,2025-10-22,2025-10-20
Milestone2_LogIn_LandingPages.bmpr,159744,.bmpr,2025-10-10,2025-10-10
MJK Internship Report.pdf,162453,.pdf,2025-08-13,2025-08-13
MJK Offboarding [Autosaved].pptx,96095630,.pptx,2025-08-13,2025-08-13
MJK Offboarding.pdf,1257802,.pdf,2025-08-12,2025-08-12
MJK Offboarding.pptx,48929160,.pptx,2025-08-12,2025-08-12
MJK_ECE233_Lab1_Report.pdf,171768,.pdf,2024-09-17,2024-09-17
Modded_Notes.txt,382,.txt,2025-11-28,2025-11-28
modelsim.ini,15138,.ini,2025-01-16,2025-01-16
Mosquito_project.pdf,66646,.pdf,2025-02-26,2025-02-26
movie_genre.csv,2374,.csv,2026-02-11,2026-02-11
mulit-statement-table-function.sql,433,.sql,2025-01-24,2025-01-24
multi-statement-execute.sql,46,.sql,2025-01-24,2025-01-24
My Tata Projects Journey.pptx,8868868,.pptx,2025-08-12,2025-08-12
my_basic_g.txt,503236,.txt,2025-05-17,2025-05-17
my_basic_o.txt,527429,.txt,2025-05-17,2025-05-17
NirCmd.chm,46449,.chm,2024-04-23,2025-11-18
normalization practice - Solution.docx,51171,.docx,2025-01-23,2025-01-23
normalization practice.docx,15383,.docx,2025-01-23,2025-01-23
Normalization practice.pdf,55701,.pdf,2025-02-12,2025-02-12
Normalization.pptx,186278,.pptx,2025-01-17,2025-01-17
notes.pdf,107563,.pdf,2025-04-07,2025-04-07
noun-flexibility-7712345.png,32414,.png,2025-08-12,2025-08-12
noun-functional-6913326.png,19535,.png,2025-08-12,2025-08-12
noun-integration-1123014.png,32603,.png,2025-08-12,2025-08-12
noun-integration-7782233.png,33983,.png,2025-08-12,2025-08-12
noun-security-7882903.png,19170,.png,2025-08-12,2025-08-12
noun-sticker-146183.png,21086,.png,2025-08-12,2025-08-12
noun-user-experience-7481614.png,25020,.png,2025-08-12,2025-08-12
ODBC.pptx,184062,.pptx,2025-01-15,2025-01-15
og.pdf,422959,.pdf,2025-05-06,2025-05-06
Old Exam 2A.pdf,700490,.pdf,2025-05-08,2025-05-07
Old Exam 2B.pdf,274186,.pdf,2025-05-07,2025-05-07
Olist_Data_Analysis_Report_Updated.pptx.pdf,801423,.pdf,2026-02-23,2026-02-23
olist_seller_analysis.ipynb,32427,.ipynb,2026-02-17,2026-02-17
One Drive - Data backup.ics,803,.ics,2025-07-24,2025-07-24
organized.pdf,2106346,.pdf,2024-09-26,2024-09-26
Other.xlsx,4765,.xlsx,2025-01-23,2025-01-23
output.pdf,2127972,.pdf,2025-10-24,2025-10-24
Overview of Linter Features and Functionality.mp4,48963695,.mp4,2026-02-21,2026-02-21
Packing Guide 2025.pdf,194721,.pdf,2025-07-29,2025-07-29
Parallelizing Boids Project.pdf,413934,.pdf,2025-11-14,2025-11-14
Parallelizing Boids Project.pptx,2014623,.pptx,2025-11-14,2025-11-14
Parth HW4.pdf,320833,.pdf,2025-10-25,2025-10-25
Parth Sundaram_6283297_0.pdf,632456,.pdf,2024-11-14,2024-11-14
paspot.jpeg,90636,.jpeg,2025-09-02,2025-09-02
Passport.jpg,253139,.jpg,2025-04-15,2025-04-15
Payment Industry.pdf,930516,.pdf,2024-07-17,2024-07-17
performance_sol.pdf,133485,.pdf,2025-02-21,2025-02-21
"Peter Pacheco, Matthew Malensek - An Introduction to Parallel Programming (2020, Morgan Kaufmann) - libgen.li.pdf",4554571,.pdf,2025-09-11,2025-09-11
Petey the Penguin.pdf,86277,.pdf,2025-11-20,2025-11-20
Ph 112 Finals Fall 2015-16.pdf,510391,.pdf,2024-10-22,2024-10-22
PH112_4.1_Prelab.pdf,61018,.pdf,2024-09-25,2024-09-25
PH112_Lab#2_Report.pdf,284350,.pdf,2024-10-19,2024-10-19
PH112_Lab#3_Prelab.pdf,112702,.pdf,2024-10-23,2024-10-23
PH112_PreLab.pdf,88729,.pdf,2024-10-09,2024-10-09
PlantUML_Language_Reference_Guide_en.pdf,10048681,.pdf,2025-12-12,2025-12-12
Point Location (Electric Boogaloo).pdf,42154,.pdf,2025-11-20,2025-11-20
Power Bills.pdf,166988,.pdf,2025-11-20,2025-11-20
Practical 4 worksheet.docx,863826,.docx,2025-01-17,2025-01-10
Practical 5 worksheet.docx,201800,.docx,2025-01-17,2025-01-17
Practical 7 worksheet.docx,144970,.docx,2025-01-31,2025-01-31
Prelab report.pdf,134471,.pdf,2024-11-06,2024-11-06
presentation final.pdf,1272605,.pdf,2025-08-12,2025-08-12
Print Boarding Passes and Security Documents _ Southwest Airlines.pdf,117558,.pdf,2025-11-20,2025-11-20
Problem Brief.pdf,525456,.pdf,2025-06-25,2025-06-25
Problems_ECE233_Exam1_SRT 1.pdf,1005110,.pdf,2024-10-03,2024-10-03
Profile.png,466790,.png,2025-12-18,2025-12-18
project-3-at-2025-07-02-13-07-8ab3381d.json,21134,.json,2025-07-02,2025-07-02
projectm1.pdf,125369,.pdf,2025-04-29,2025-04-28
puml.puml,1104,.puml,2026-02-05,2026-02-05
Purchase Confirmation _ Southwest Airlines.pdf,726652,.pdf,2025-10-18,2025-10-18
pybadge_arcada_sinewave.UF2,1048576,.UF2,2025-02-06,2025-02-06
python-manager-25.0.msix,45926634,.msix,2025-11-15,2025-11-15
QueryOpt.pptx,215908,.pptx,2025-02-14,2025-02-14
Question4.sql,182,.sql,2025-01-10,2025-01-10
Question5.sql,311,.sql,2025-01-10,2025-01-10
Question6.sql,292,.sql,2025-01-10,2025-01-10
Quiz1_CheatSheet.pdf,3899,.pdf,2025-09-29,2025-09-29
Quiz1_CheatSheet_Updated.pdf,4399,.pdf,2025-09-29,2025-09-29
RA Tracker Learning experience report.pdf,72892,.pdf,2024-11-18,2024-11-18
Racket.xlsx,4724,.xlsx,2025-01-23,2025-01-23
rag-chatbot-credentials.env,1643,.env,2025-08-11,2025-08-11
rag-chatbot-credentials.txt,1153,.txt,2025-08-11,2025-08-11
RAG_Lesson.html,346863,.html,2026-02-11,2026-02-11
Random variables and CDFs_241220_093853.pdf,1417063,.pdf,2025-01-16,2025-01-16
RandomForests.html,442634,.html,2026-02-03,2026-02-03
Read Me.txt,1919,.txt,2024-11-25,2026-02-15
RealEstate.csv,45702,.csv,2025-12-16,2025-12-16
RegFile.v,905,.v,2025-01-16,2025-01-16
regfiledo.png,189886,.png,2025-01-16,2025-01-16
Reinforcement_Learning-Based_Cache_Replacement_Policies_for_Multicore_Processors.pdf,1341567,.pdf,2025-05-19,2025-05-19
Relational Algebra.pptx,127272,.pptx,2024-12-09,2024-12-09
Release Plan - Client Release Plan.pdf,52335,.pdf,2025-11-15,2025-11-15
Release Plan.pdf,55182,.pdf,2025-11-12,2025-11-12
Release Plan.xlsx,11426,.xlsx,2025-11-12,2025-11-12
requirements.txt,73,.txt,2025-08-04,2025-08-04
Resonance in Strings Lab Report.docx,113620,.docx,2024-10-18,2024-10-18
Result.csv,86,.csv,2025-01-08,2025-01-08
revision-and-reflection-template.docx,255744,.docx,2026-01-08,2026-01-08
RH330 Final Report .docx,1525742,.docx,2024-12-20,2024-12-19
RICE Plan.pdf,59670,.pdf,2025-11-08,2025-11-08
RICE Plan.xlsx,5467,.xlsx,2025-11-08,2025-11-08
RICE Scores.pdf,67768,.pdf,2025-11-12,2025-11-12
RishiMark_Lab2_Checkpoint2.pdf,362599,.pdf,2024-09-27,2024-09-27
rootkey.csv,99,.csv,2025-06-25,2025-06-25
rt-polarity_test.csv,275712,.csv,2026-02-11,2026-02-11
sageattention-2.2.0+cu128torch2.7.1-cp311-cp311-win_amd64.whl,12127814,.whl,2025-07-03,2025-07-03
sample.aux,559,.aux,2025-12-04,2025-12-04
sample.fdb_latexmk,2083,.fdb_latexmk,2025-12-04,2025-12-04
sample.fls,2354,.fls,2025-12-04,2025-12-04
sample.log,13919,.log,2025-12-04,2025-12-04
sample.out,0,.out,2025-12-04,2025-12-04
sample.pdf,188857,.pdf,2025-12-04,2025-12-04
sample.tex,3557,.tex,2025-12-04,2025-12-04
SampleMemo.pdf,17978,.pdf,2025-03-13,2025-03-13
Sanil Lab 7 Final.pdf,489788,.pdf,2024-11-13,2024-11-13
savefile.cns,7617,.cns,2025-12-15,2025-12-15
savefile.cns.bak,7617,.bak,2025-12-15,2025-12-15
SaveFile.es3,77552,.es3,2025-12-15,2025-12-15
SaveFile.es3.bac,77568,.bac,2025-12-15,2025-12-15
Schema Handout.docx,519931,.docx,2024-12-11,2024-12-11
scores_2026-02-15.csv,628,.csv,2026-02-19,2026-02-19
Screenshot (54).png,182680,.png,2024-09-14,2024-09-14
Screenshot 2024-09-20 134148.png,24513,.png,2024-09-20,2024-09-20
Screenshot 2024-09-21 162800.png,78500,.png,2024-09-21,2024-09-21
Screenshot 2024-10-01 154535.png,64452,.png,2024-10-01,2024-10-01
Screenshot 2024-10-15 181647.png,55804,.png,2024-10-15,2024-10-15
Screenshot 2024-10-24 104623.png,147179,.png,2024-10-24,2024-10-24
Screenshot 2024-10-26 194325.png,348570,.png,2024-10-26,2024-10-26
Screenshot 2025-03-19 at 9.48.46 AM.png,134994,.png,2025-12-12,2025-12-12
Screenshot 2025-09-12 110924.pdf,32170,.pdf,2025-09-12,2025-09-12
Screenshot 2025-11-14 194935.png,102180,.png,2025-11-15,2025-11-15
Screenshot 2025-12-03 185657.png,21973,.png,2025-12-03,2025-12-03
Screenshot_2025-03-05_at_3.25.47_PM.png,1237105,.png,2025-04-07,2025-04-07
script.js,1278,.js,2024-10-03,2024-10-03
SDIA - Rubric.doc,42496,.doc,2025-01-25,2025-01-25
SearchService.java,2522,.java,2025-02-15,2025-02-15
Security and Data Integrity Analysis - Instructions.docx,23463,.docx,2025-01-25,2025-01-25
Security and Data Integrity Analysis Report.pdf,249328,.pdf,2025-01-26,2025-01-26
Security_and_Data_Integrity_example.docx,15749,.docx,2025-01-25,2025-01-25
segB.jpg,107304,.jpg,2024-10-09,2024-10-09
serial-tuning.pdf,176188,.pdf,2025-10-03,2025-10-03
server.properties,1457,.properties,2025-12-03,2025-12-03
Settings.json,1967,.json,2025-04-27,2025-04-27
shift_cell_vwf.png,217639,.png,2024-10-28,2024-10-28
Shoe.xlsx,4749,.xlsx,2025-01-23,2025-01-23
signature.png,13311,.png,2025-11-15,2025-11-15
singlecycle_rtl.pdf,38288,.pdf,2025-01-20,2025-01-20
Slides_2025-12-04.pdf,10797546,.pdf,2025-12-09,2025-12-09
SodasByRestaurantService.java,3489,.java,2025-01-21,2025-01-21
solution.py,4722,.py,2025-11-15,2025-11-15
Spec 4B Catalan numbers_250520_094233.pdf,2443651,.pdf,2025-05-23,2025-05-23
Spring 2025 returning offer letter - Mark Joseph Kenny.pdf,188794,.pdf,2025-02-26,2025-02-26
Sproc.pptx,420839,.pptx,2025-01-10,2025-01-10
sprocs.sql,849,.sql,2025-02-14,2025-02-14
SQLContinued.pptx,201504,.pptx,2024-12-18,2024-12-18
SQLIntroduction.pptx,248641,.pptx,2024-12-14,2024-12-14
src.png,76594,.png,2025-02-22,2025-02-22
Steves CC3 2026- PubSub Observer.pdf,1292450,.pdf,2026-01-16,2026-01-16
Stocks15yr.csv,129808883,.csv,2026-01-13,2026-01-13
Storage_Hashing.pptx,590558,.pptx,2025-02-03,2025-02-03
Student Financial Responsibility Agreement signature last pg.pdf,177066,.pdf,2025-02-18,2025-02-18
submission_192685278.pdf,245876,.pdf,2024-09-18,2024-09-18
submission_226384930.pdf,3310012,.pdf,2025-02-04,2025-02-04
submission_244340967.pdf,7396083,.pdf,2024-10-04,2024-10-04
submission_252733040.pdf,1400664,.pdf,2024-10-24,2024-10-24
submission_253791544.pdf,1369300,.pdf,2024-11-07,2024-11-07
submission_254635515.pdf,1467937,.pdf,2024-11-15,2024-11-15
submission_267613723.pdf,815825,.pdf,2024-12-13,2024-12-13
submission_269676305.pdf,391918,.pdf,2025-01-10,2025-01-10
submission_269928670.pdf,1243326,.pdf,2024-09-26,2024-09-26
submission_269928938-combined.pdf,2870878,.pdf,2024-10-03,2024-10-03
submission_269928938.pdf,959020,.pdf,2024-10-03,2024-10-03
submission_272538188.pdf,1328944,.pdf,2024-10-03,2024-10-03
submission_272668108.pdf,2362529,.pdf,2025-01-10,2025-01-10
submission_275775785.pdf,253129,.pdf,2025-01-14,2025-01-14
submission_276039603.pdf,2810712,.pdf,2025-01-10,2025-01-10
submission_277672566.pdf,3832028,.pdf,2025-04-11,2025-04-11
submission_284595242.pdf,3184184,.pdf,2025-02-06,2025-02-06
submission_288894492.pdf,4078491,.pdf,2025-02-23,2025-02-23
submission_289081805.pdf,3726522,.pdf,2025-02-21,2025-02-21
submission_297335379.pdf,3102895,.pdf,2025-03-18,2025-03-18
submission_297887505.pdf,1870520,.pdf,2025-12-15,2025-12-15
submission_302054057.pdf,1654259,.pdf,2025-04-24,2025-04-24
submission_305300181.pdf,3368278,.pdf,2025-05-08,2025-05-08
submission_306530403.pdf,3273874,.pdf,2025-05-07,2025-05-07
SUMMARY.pdf,98610,.pdf,2025-04-15,2025-04-15
Superbowls2025.csv,6106,.csv,2025-12-11,2025-12-11
syllabus for redesign activity.docx,30495,.docx,2024-12-20,2024-12-13
Syllabus-Policy.pdf,64461,.pdf,2025-12-08,2025-12-08
Syllabus.docx,45120,.docx,2025-11-18,2025-11-18
t.html,978,.html,2025-06-24,2025-06-24
T1-outline.pdf,48103,.pdf,2026-01-08,2026-01-08
T1_practice_W2024-25.pdf,64531,.pdf,2026-01-08,2026-01-08
Task List.txt,322,.txt,2025-09-12,2025-09-08
Tata_Azure OpenAI PoCs Demo_Tender SummAIze_Rev2.pdf,2140128,.pdf,2025-08-12,2025-08-12
tb_ImmGen.v,3717,.v,2025-01-16,2025-01-16
tb_memory.do,1675,.do,2025-01-16,2025-01-16
tb_memory.v,8585,.v,2025-01-16,2025-01-16
tb_RegFile.v,2943,.v,2025-01-16,2025-01-16
Technical.drawio.png,244471,.png,2025-02-21,2025-02-21
Technical.jpg,151364,.jpg,2025-02-15,2025-02-15
TempCoverLetter.pdf,72921,.pdf,2024-12-12,2024-12-12
TempResume.pdf,66500,.pdf,2024-12-12,2024-12-12
Test 1 Langley Spring 2020.pdf,1779894,.pdf,2025-05-01,2025-05-01
Test 1 Tarrant.pdf,290217,.pdf,2024-12-17,2024-12-17
Test 2 Langley Spring 2020.pdf,1790090,.pdf,2025-04-25,2025-04-25
test-1.wav,303438,.wav,2025-07-04,2025-07-04
test-2.wav,293838,.wav,2025-07-04,2025-07-04
test.c,74,.c,2025-11-15,2025-11-15
Test.py,671,.py,2026-02-13,2026-02-13
testy.js,856159,.js,2025-01-14,2025-01-14
testygp.js,3970,.js,2025-01-14,2025-01-14
test_annotation.json,717,.json,2025-07-01,2025-07-01
"Text 1 McSweeey Tues Jan 14, 2020.pdf",1104765,.pdf,2025-12-17,2025-12-17
"Text 2 McSweeney Tues Feb 11, 2020.pdf",1140611,.pdf,2026-02-21,2026-02-21
Text 3 Langley Spring 2020.pdf,1230227,.pdf,2025-05-28,2025-05-28
Thalasso Master Document 8-7-24.pdf,290788,.pdf,2024-10-09,2024-10-09
Thank you sound effect.mp3,19781,.mp3,2025-05-23,2025-05-23
thank-you.png,79044,.png,2025-05-23,2025-05-23
The Apothecary Diaries_ Volume 15.pdf,14866969,.pdf,2026-01-04,2026-01-04
The Cache Machines.pdf,2707708,.pdf,2025-04-10,2025-04-10
The Rust Programming Language.pdf,15473396,.pdf,2025-09-08,2025-09-08
the witness hexagon 1.png,1974314,.png,2024-08-04,2024-08-04
the witness hexagon 2.png,360835,.png,2024-08-07,2024-08-06
The Witness Notes.txt,692,.txt,2024-08-29,2024-08-06
The_Age_of_Migration.bibtex,316,.bibtex,2025-11-15,2025-11-15
The_Tourist_Gaze_1_0_2_0_and_3_0.pdf,131464,.pdf,2025-10-15,2025-10-15
timing.pdf,13375,.pdf,2025-10-03,2025-09-24
tips.csv,11088,.csv,2025-12-16,2025-12-16
Towed_Vehicles.csv,350442,.csv,2025-12-08,2025-12-08
TPL-MS-Teams-Background 2.jpg,305743,.jpg,2025-06-25,2025-06-25
TPL_Internship_Presentation.pptx,31576,.pptx,2025-08-12,2025-08-12
Transactions.pptx,155664,.pptx,2025-02-14,2025-02-14
transcript.pdf,292237,.pdf,2025-12-14,2025-12-14
Triggers.pptx,179603,.pptx,2025-02-14,2025-02-14
tumblr_3e0df92ecc9564d2e8b3f6dbd01aae98_cead85d9_500.jpeg,878788,.jpeg,2025-05-23,2025-05-23
ubuntu-24.04.2-desktop-amd64.iso,6343219200,.iso,2025-04-05,2025-04-05
Uml Cheat Sheet FINAL.pdf,74451,.pdf,2025-12-12,2025-12-12
Uml Cheat Sheet.docx,13699,.docx,2025-12-12,2025-12-12
Uml Cheat Sheet.pdf,24455,.pdf,2025-12-12,2025-12-12
Untitled design.mp4,73633907,.mp4,2026-02-21,2026-02-21
Untitled document.pdf,114597,.pdf,2024-11-09,2024-11-09
Untitled-1.c,74,.c,2025-11-15,2025-11-15
Untitled.png,13260,.png,2024-10-15,2024-10-15
updateOrderDetails.sql,2278,.sql,2025-01-17,2025-01-17
Use Case Diagram.pdf,113994,.pdf,2025-10-04,2025-10-04
Ventures fall internship offer.eml,4661465,.eml,2024-09-20,2024-09-20
vertopal.com_MA473Notes2BigOnotes.latex,15563,.latex,2025-12-02,2025-12-02
Visa.jpg,339852,.jpg,2025-04-15,2025-04-15
vise.jpeg,339852,.jpeg,2025-09-02,2025-09-02
VisualizingFriendships_large.png,3954281,.png,2025-12-01,2025-12-01
Vitals.csv,1981,.csv,2025-12-12,2025-12-12
"VitalSource Bookshelf_ Writing with Focus, Clarity, and Accuracy.pdf",119818,.pdf,2024-12-06,2024-12-06
W16.pdf,39179,.pdf,2024-11-18,2024-11-18
W2_Form.pdf,25488,.pdf,2025-04-11,2025-04-11
W4NR.pdf,137598,.pdf,2025-04-15,2025-04-15
w8benic16.pdf,240905,.pdf,2025-04-15,2025-04-15
WasmEdge-0.14.1-windows.msi,18763776,.msi,2026-02-24,2026-02-24
Water Flow.pdf,122686,.pdf,2025-11-20,2025-11-20
Waterfall.jpg,239662,.jpg,2025-12-18,2025-12-18
Week 3 Feedback Report.pdf,1904542,.pdf,2024-10-03,2024-10-03
Week 4 Feedback Report.pdf,195107,.pdf,2024-10-10,2024-10-10
Wellfleet-Form-W9-wEdits-Final-01192018_1-Page.pdf,164075,.pdf,2025-01-17,2025-01-17
WhatsApp Image 2025-05-02 at 13.39.46.jpeg,512269,.jpeg,2025-05-02,2025-05-02
WhatsApp Image 2025-05-02 at 13.39.48.jpeg,493332,.jpeg,2025-05-02,2025-05-02
WhatsApp Image 2025-12-14 at 10.15.56_70d0910f.jpg,23840,.jpg,2025-12-14,2025-12-14
WhatsApp Ptt 2025-06-12 at 11.28.01.ogg,330619,.ogg,2025-10-11,2025-10-11
Whitley_-_Genetic_Algorithms_and_Neural.pdf,209294,.pdf,2025-06-02,2025-06-02
Wildcard Pattern Match.pdf,45508,.pdf,2025-11-20,2025-11-20
Win11_25H2_EnglishInternational_x64.iso,7754645504,.iso,2026-01-12,2026-01-12
Wine_red.csv,84199,.csv,2026-01-31,2026-01-31
Wine_white.csv,264426,.csv,2026-01-24,2026-01-24
witness garden 4.png,158509,.png,2024-08-06,2024-08-06
witness garden tree thing 2.png,867410,.png,2024-08-25,2024-08-25
witness pic 2 boatyard.png,2193015,.png,2024-08-06,2024-08-06
Wk 1 Day 3 in-class-textual-analysis-Steve.docx,21480,.docx,2025-12-05,2025-12-05
Wk 2 Day 1 in-class-chess-walkthrough-Steve.docx,23903,.docx,2025-12-11,2025-12-11
Wk 4 day 2 in-class-observer-pattern.docx,1102785,.docx,2026-02-05,2026-02-05
Wk 9 opt in-class-creational-patterns.docx,491550,.docx,2026-02-03,2026-02-03
Work Notes.pdf,202006,.pdf,2025-08-12,2025-08-12
work.html,2412396,.html,2026-02-17,2026-02-17
Work_Quadralynx_Memo.pdf,37070,.pdf,2025-05-13,2025-05-13
www_rose_hulman_edu_class_csse_csse335_assignments_quiz2_rev.pdf,79261,.pdf,2025-10-24,2025-10-24
zyBooks_0-3.pdf,4507443,.pdf,2024-09-05,2024-09-05
[Contemporary Sociology_ A Journal of Reviews 1977-mar vol. 6 iss. 2] Review by_ Suzanne Wedow - The Tourist_ A New Theory of the Leisure Class.by Dean MacCannell (1977) [10.2307_2065807] - libgen.li.pdf,522356,.pdf,2025-10-14,2025-10-14
"[Neural Computing and Applications 2018-may 09 vol. 31 iss. 10] Sakar, C. Okan_ Polat, S. Olcay_ Katircioglu, Mete_ Kastro, Yomi - Real-time prediction of online shoppers’ purchasing intention using multilayer perce.pdf",942852,.pdf,2026-01-16,2026-01-16
[Raze] Yuusha-kei ni Shosu - 01 (Dual-Audio) x265 10bit 1080p 143.8561fps_track4.eng.ass.xz,17208,.xz,2026-01-04,2026-01-04
~$MJK Offboarding [Autosaved].pptx,165,.pptx,2025-08-13,2025-08-13
~WRL0005.tmp,23532,.tmp,2025-10-24,2025-10-24
